epoch;loss;val_loss
0;0.6469133496284485;0.6315941214561462
